{"cameraMode":{"drawMode":0,"name":"Shaded","section":"Shading Mode"},"sceneLighting":false,"audioPlay":false,"sceneViewState":{"m_AlwaysRefresh":true,"showFog":true,"showSkybox":true,"showFlares":true,"showImageEffects":true,"showParticleSystems":true,"showVisualEffectGraphs":true,"m_FxEnabled":false},"in2DMode":false,"pivot":{"x":312.2993469238281,"y":346.4835510253906,"z":346.1159362792969},"rotation":{"x":0.02457066997885704,"y":-0.006490312051028013,"z":0.0016451647970825434,"w":0.9996781945228577},"size":407.5459289550781,"orthographic":false}